ccNumber,firstName,lastName,issueCountry
5100143055046797,Bartolomeo,Phizaclea,JP
3577403050132938,Starlene,Kitlee,RU
633388027855561018,Prudi,Summerlee,FR
6762361355909947,Ken,Jadczak,US
30256664475672,Thurston,McChesney,RU
5602225060243197,Perla,Babcock,FR
30263917038067,Zea,Umpleby,JP
30555290172854,Hortense,Loache,RU
3568386741383682,Maren,Cunnow,FR
5378030177798584,Elysia,Gales,RU
3551814546429672,Lucy,Brosch,FR
6394094686359898,Priscilla,Sewall,RU
3569633259150865,Dosi,Boichat,FR
5007666019566132,Arabela,Jagielski,RU
3566702367266310,Hanna,Crossland,JP
30230994932447,Charmian,Gislebert,RU
3559309090797659,Normand,Pittoli,RU
3542902402036822,Bryant,Fanshawe,US
201789930465443,Ricki,Cavie,JP
3589737596979450,Lynnet,Orht,CA
6759887872360197771,Enrica,Rosberg,JP
3543818648760786,Dal,Blaase,CA
3552366303200233,Jessica,Bucktrout,RU
6706185775822908463,Audrie,Bruna,FR
6331102050413567,Maurise,Syfax,US
5171328428294943,Hasty,Lattie,CA
3572595378171988,Bathsheba,Master,CA
3549780101530672,Courtnay,Lavalle,FR
67635771106007998,Lanni,Iskowitz,FR
3588889963030200,Beth,Saffe,FR
3569658721055533,Jephthah,Bantick,US
372301275191387,Viola,Cookes,RU
6399591715650721,Haskell,Chapelhow,US
201962441403332,Kacie,Sture,FR
3538757281069419,Delia,Whitwood,CA
5312307408061779,Heida,Blackwell,DE
3543876889322898,Thomasina,Axten,DE
3555489111648406,Filberte,Girardet,RU
5567220542500291,Marcos,Chidley,US
4913951976219230,Blinnie,Acum,CA
5395848882220951,Myrtle,Whymark,US
3571751386525985,Mohammed,Lindblom,DE
3584256677043255,Roz,Markham,US
3584265718578666,Harlen,Dinkin,US
3556820126745473,Damaris,Valenti,FR
3585834569384620,Sharlene,Emmens,CA
3585329659125934,Ellynn,Petrello,FR
0604247527041963,Susy,Sondland,RU
6771967071232502,Rivalee,Bernette,JP
5641829257406028143,Ashleigh,Carrigan,RU
3568355395599992,Salomone,Jori,US
3541945730975097,Joelie,Shadrach,FR
3557143349071992,Jason,McGebenay,FR
4905435881053041,Karia,Yewen,FR
5002351235813577,Brocky,Rowan,RU
5018080850859491837,Danielle,Purtell,US
6771729360386948,Sherilyn,Thomason,RU
3587749799233926,Sallyann,McCarroll,RU
3583600392878951,Saundra,Cleyburn,RU
3537537223773398,Wendall,Igglesden,RU
6304392344815437,Anna,Matevosian,US
374288222103342,Dasya,Chadburn,US
3535484496914312,Ina,O'Sesnane,US
3541100901004323,Britta,O'Hickey,RU
56022463047847328,Guglielmo,Roseveare,FR
30194320110757,Curry,Adey,RU
490581735965053839,Jessie,Zimmerman,RU
337941338335150,Ermanno,Stamps,RU
3549294639692657,Alana,Benard,RU
36394743019502,Sandie,Hucks,RU
5528278557276247,Veronique,Willson,JP
5010128328193756,Gaspar,Glassman,JP
4508641207071838,Sylvan,Penton,US
3536212212570335,Kristin,Lotherington,US
6382734567911127,Doreen,Duddy,JP
6392301983168837,Yuma,Bartley,CA
5602256144616389,Michaeline,Elington,RU
3562020876523038,Ivette,Sibthorp,RU
3530759872331990,Shane,York,RU
4844924333491366,Sidonia,Duferie,CA
3561383691227859,Burgess,Baudesson,RU
3559972146432173,Gery,Pobjay,RU
3558338871794594,Leopold,Smeath,US
3549492911021211,Billy,Sirkett,FR
3551816514084694,Alida,Senner,RU
4911270387924672,Elisa,Kalkofen,JP
67596152900803691,Truman,MacKenzie,JP
337941704980191,Collin,Pichmann,RU
3578361365056334,Jay,Diggin,RU
676179914993630049,Ginevra,Elcom,RU
503873403015597621,Eberto,Burnside,US
4508099412358054,Ainslie,Peaseman,RU
3586847363116120,Dusty,Morsley,RU
5602248624950362,Berrie,Osgorby,US
4405101908599375,Gib,Holleworth,CA
5506243012465906,Mari,Mahaddie,RU
4508163120212290,Amble,Stow,RU
5048374229162328,Delmor,Hawton,RU
5602215158115407,Garik,Wrankling,RU
4917415603727748,Wit,Margrie,RU
30597429598229,Tymothy,Gouny,CA
3564046533543992,Lem,Pearch,RU
341739410374616,Anatol,Lubomirski,RU
3575752995287203,Corbett,Guiver,FR
3573285037290606,Leroi,Lebourn,RU
3544812730220238,Annamaria,Poskitt,FR
56022495037928338,Dorey,Stickland,RU
3552975803009835,Rhoda,Bretelle,RU
201598321129843,Wilburt,Wharrier,JP
372301085180919,Kattie,Blum,FR
3570559512693648,Dillon,Fauning,RU
3535141344739453,Genny,Whimper,JP
3556686661116051,Kiersten,Galgey,US
3560919520162832,Christoffer,Grayson,FR
30410987269508,Lanna,Bahls,RU
372301826217715,Harman,Cobbledick,JP
4911635930288301372,Fielding,Watkin,JP
3563163186016928,Agnola,Hains,JP
6333422082913410,Dilly,Allington,US
3563499252279549,Feliks,Winman,RU
560224362216313301,Meris,Healks,US
3576568875084620,Gratia,Langtry,FR
5100149125866940,Vonnie,Tesoe,US
5108752300323793,Inglebert,Maker,US
337941262377657,Monika,Ripsher,CA
5505148312774504,Casie,Twentyman,RU
3545151099047521,Hubert,De Laci,RU
3545384857903581,Timothy,Mahony,FR
3560718767430153,Marleen,Cuzen,RU
5552626034487739,Rabi,Biford,RU
5100131523847664,Dynah,Knapp,US
5007661863826070,Vittoria,Bonas,CA
3552557541013715,Yolanthe,Geekin,US
3530626781148981,Adriane,Basketter,US
3537809118563337,Orsola,Boothroyd,RU
3581787318305144,Godfree,Furbank,FR
201500000905030,Augy,Vairow,RU
3559807725147752,Juditha,Belchamp,FR
3579123465189038,Fifine,Mothersole,US
5100174897116472,Brice,Janicki,RU
3565200467828569,Marlo,Linklater,RU
3534681267508493,Michelle,Mathys,RU
3564660036763806,Linn,Tuison,CA
6331105305621574524,Eddy,Petrusch,RU
490568923292137783,Conan,McEvay,JP
3531193989506212,Herschel,Hayth,FR
5602226690241107998,Bobette,Keuntje,US
3546476450661183,Malissa,Vanichkov,FR
4175005404074361,Pall,Millbank,FR
5602225221643020,Olia,Gemmill,RU
5602213663702612454,Dulcia,Hallums,FR
3576613850197490,Lyman,Ambler,DE
4041598928543301,Shane,Rahill,FR
3533996465950078,Renado,Bolver,RU
3564156264269251,Trix,Gaylor,JP
6373729692432602,Doll,Harberer,RU
3552092482545012,Desiree,Dunseith,FR
30391670803284,Sherm,Gorke,RU
3561734459110903,Kalil,Goodered,JP
3542852038083492,Agnella,Wyllcock,RU
4041599888021353,Nealy,Pirrey,FR
3534967682344287,Malory,La Rosa,CA
4026727991698283,Salim,Dine-Hart,RU
3550300605891219,Rozanna,Bernth,CA
36446502501169,Roxane,Gabbat,JP
3578194418097512,Chrissie,Bruyett,JP
30007485404833,Wilbert,Diplock,US
5602236447887713,Annabell,Fauguel,JP
560224847323048212,Stevie,Danher,RU
5602211705060055,Miranda,Yorke,US
3547855033782112,Constantino,Lakenton,FR
5602240956993839,Hanni,Kerkham,RU
3588136560590974,Calypso,Simmen,JP
5108757590784950,Becca,Coddington,RU
4026214317820230,Waylon,Van Der Weedenburg,RU
6763885797527437,Hunter,Dallicott,US
3556432893898251,Tana,Rembaud,FR
5296435493835458,Moina,Andreini,US
6304751490619721,Alan,Balma,FR
3565407264680917,Mirelle,Tasseler,FR
30075035284914,Karlis,Chasmar,RU
5602251015084189,Nikolaos,Duggary,CA
4913939922830192,Sammy,Heynen,FR
675915005843881097,Jandy,Iron,RU
561056437725304297,Ora,Harbage,CA
3586801669208859,Ilse,Drysdell,RU
374288688985836,Abigael,Erb,CA
5602242150644432,Caprice,Kinnaird,RU
5602217372307257956,Marie,Bittleson,FR
3584350504937209,Balduin,McKinstry,RU
372301173522899,Doralin,Jedrzaszkiewicz,RU
3529728850691033,Wilhelmina,Vittet,US
4405529479469521,Sib,Neubigging,FR
3574482794877993,Cedric,Quittonden,US
201944668802990,Ibrahim,Telezhkin,US
374283568200844,Steward,Jurewicz,FR
5182393116017094,Bourke,Cubbon,FR
5100132961248019,Andres,Dello,US
3543088107848999,Nero,Redsell,RU
30162115651830,Aline,O'Bradain,US
